{
  "company": "ACCELYA SOLN INDIA LTD",
  "doc_type": "annual report",
  "year": 2024,
  "file_path": "./data/downloads\\accelya_soln_india_ltd\\annual_report\\2024\\accelya_soln_india_ltd_annual_report_2024.pdf",
  "filename": "accelya_soln_india_ltd_annual_report_2024.pdf",
  "url": "https://w3.accelya.com/wp-content/uploads/2024/10/002-Fourth-Quarter-Results-Consolidated.pdf",
  "sha256": "dc4e78a5ae946cbcf7fa86545dd0f5028c688a7a8537f7831223590f9232f83f",
  "mimetype": "application/pdf",
  "source": "Tavily",
  "indexed_at": 1763536196
}