{
  "company": "ACCELYA SOLN INDIA LTD",
  "doc_type": "annual report",
  "year": 2019,
  "file_path": "./data/downloads\\accelya_soln_india_ltd\\annual_report\\2019\\accelya_soln_india_ltd_annual_report_2019.pdf",
  "filename": "accelya_soln_india_ltd_annual_report_2019.pdf",
  "url": "https://w3.accelya.com/wp-content/uploads/2021/07/Accelya-Solutions-India-Limited_33rd-Annual-Report-2018-19.pdf",
  "sha256": "5856d55e4567266045a8dfbd17099e7a89baa38f743826e16ace0214f98f7729",
  "mimetype": "application/pdf",
  "source": "Tavily",
  "indexed_at": 1763536107
}