{
  "company": "ACCELYA SOLN INDIA LTD",
  "doc_type": "earnings release",
  "year": 2023,
  "file_path": "./data/downloads\\accelya_soln_india_ltd\\earnings_release\\2023\\accelya_soln_india_ltd_earnings_release_2023.pdf",
  "filename": "accelya_soln_india_ltd_earnings_release_2023.pdf",
  "url": "https://w3.accelya.com/wp-content/uploads/2025/01/Annual-Return-2023-24.pdf",
  "sha256": "628424bf0d207a532ed85c26cd053f497dd7bf04e2de6d57b4c38f98cfb3fc35",
  "mimetype": "application/pdf",
  "source": "Tavily",
  "indexed_at": 1763536370
}