{
  "company": "ACCELYA SOLN INDIA LTD",
  "doc_type": "annual report",
  "year": 2023,
  "file_path": "./data/downloads\\accelya_soln_india_ltd\\annual_report\\2023\\accelya_soln_india_ltd_annual_report_2023.pdf",
  "filename": "accelya_soln_india_ltd_annual_report_2023.pdf",
  "url": "https://w3.accelya.com/wp-content/uploads/2024/10/416-Annual-Return-2022-23-1.pdf",
  "sha256": "88a9188871a6a53f309228d9e253ad895be9447cae453a3b92aa728b75cf8325",
  "mimetype": "application/pdf",
  "source": "Tavily",
  "indexed_at": 1763536340
}