{
  "company": "Apple Inc.",
  "doc_type": "financial statements",
  "year": 2023,
  "file_path": "./data/downloads\\apple_inc\\financial_statements\\2023\\apple_inc_financial_statements_2023.pdf",
  "filename": "apple_inc_financial_statements_2023.pdf",
  "url": "https://s2.q4cdn.com/470004039/files/doc_financials/2023/Proxy_Statement_2023.pdf",
  "sha256": "d89c91e8e5ee4341082c27208a480c003add613ac450df91349c46d3354f821f",
  "mimetype": "application/pdf",
  "source": "Tavily",
  "indexed_at": 1763464782
}