{
  "company": "Apple Inc.",
  "doc_type": "financial statements",
  "year": 2023,
  "file_path": "./data/downloads\\apple_inc\\financial_statements\\2023\\apple_inc_financial_statements_2023.pdf",
  "filename": "apple_inc_financial_statements_2023.pdf",
  "url": "https://documents.purposeinvest.com/Docs/APLY/mrfp/en/Apple%20(AAPL)%20Yield%20Shares%20Purpose%20ETF%20MRFP%202023-04-30.pdf",
  "sha256": "8b5d48314d3b87c66960f80d5e88d30138112b49295573fb0cd32f20bc75da9f",
  "mimetype": "application/pdf",
  "source": "Tavily",
  "indexed_at": 1763464784
}