{
  "company": "Apple Inc.",
  "doc_type": "earnings release",
  "year": 2023,
  "file_path": "./data/downloads\\apple_inc\\earnings_release\\2023\\apple_inc_earnings_release_2023.pdf",
  "filename": "apple_inc_earnings_release_2023.pdf",
  "url": "https://d18rn0p25nwr6d.cloudfront.net/CIK-0000320193/c87043b9-5d89-4717-9f49-c4f9663d0061.pdf",
  "sha256": "ec74758cd767465362c641cf2fd5d8fedd477aed2bf7f62117e67610435dcb88",
  "mimetype": "application/pdf",
  "source": "Tavily",
  "indexed_at": 1763464763
}