{
  "company": "Apple Inc.",
  "doc_type": "earnings release",
  "year": 2023,
  "file_path": "./data/downloads\\apple_inc\\earnings_release\\2023\\apple_inc_earnings_release_2023.pdf",
  "filename": "apple_inc_earnings_release_2023.pdf",
  "url": "https://s2.q4cdn.com/470004039/files/doc_financials/2023/q1/_10-Q-Q1-2023-(As-Filed).pdf",
  "sha256": "7428cd0846503070333fdb8ac6f44c8cc2416ff808eb85f57b84134dc90c7cd0",
  "mimetype": "application/pdf",
  "source": "Tavily",
  "indexed_at": 1763464762
}