{
  "company": "Apple Inc.",
  "doc_type": "financial statements",
  "year": 2023,
  "file_path": "./data/downloads\\apple_inc\\financial_statements\\2023\\apple_inc_financial_statements_2023.pdf",
  "filename": "apple_inc_financial_statements_2023.pdf",
  "url": "https://s2.q4cdn.com/470004039/files/doc_earnings/2023/q4/filing/_10-K-Q4-2023-As-Filed.pdf",
  "sha256": "e36d41ed3a32874efba3e33dc89ef7e1329e32a26e91b453cb0e9b680288a783",
  "mimetype": "application/pdf",
  "source": "Tavily",
  "indexed_at": 1763464785
}