{
  "company": "Apple Inc.",
  "doc_type": "investor presentation",
  "year": 2023,
  "file_path": "./data/downloads\\apple_inc\\investor_presentation\\2023\\apple_inc_investor_presentation_2023.pdf",
  "filename": "apple_inc_investor_presentation_2023.pdf",
  "url": "https://d18rn0p25nwr6d.cloudfront.net/CIK-0000320193/aa76cf52-12a9-47ea-8c44-25966b821a8c.pdf",
  "sha256": "bfb57cd34d8c3d9f650b54f4914d712f7d88d57aa7b374886e23101da3228356",
  "mimetype": "application/pdf",
  "source": "Tavily",
  "indexed_at": 1763464741
}