{
  "company": "Apple Inc.",
  "doc_type": "investor presentation",
  "year": 2023,
  "file_path": "./data/downloads\\apple_inc\\investor_presentation\\2023\\apple_inc_investor_presentation_2023.html",
  "filename": "apple_inc_investor_presentation_2023.html",
  "url": "https://staging.mazenails.com/fetch.php/57yojs/418827/Ppt_On_Apple_Inc.pdf",
  "sha256": "6cdd0d7260c6cc7b15ca335a79f1ea37dd3004f819429ae603daf140a11726ad",
  "mimetype": "text/html; charset=UTF-8",
  "source": "Tavily",
  "indexed_at": 1763464740
}