{
  "company": "Apple Inc.",
  "doc_type": "financial statements",
  "year": 2023,
  "file_path": "./data/downloads\\apple_inc\\financial_statements\\2023\\apple_inc_financial_statements_2023.pdf",
  "filename": "apple_inc_financial_statements_2023.pdf",
  "url": "https://www.apple.com/newsroom/pdfs/fy2023-q4/FY23_Q4_Consolidated_Financial_Statements.pdf",
  "sha256": "db786041d2e0f87d77a731323a56a3baa3457750fdfe8c61d88264f1465f4234",
  "mimetype": "application/pdf",
  "source": "Tavily",
  "indexed_at": 1763464785
}