{
  "company": "Apple Inc.",
  "doc_type": "investor presentation",
  "year": 2023,
  "file_path": "./data/downloads\\apple_inc\\investor_presentation\\2023\\apple_inc_investor_presentation_2023.html",
  "filename": "apple_inc_investor_presentation_2023.html",
  "url": "https://archive.cbts.edu/Textbook/57yojs/418827/Ppt_On_Apple_Inc.pdf",
  "sha256": "1448fc0009f8b4bddc4dfb41978539fc1b2f7c34fef121f353d12d416e297b45",
  "mimetype": "text/html; charset=UTF-8",
  "source": "Tavily",
  "indexed_at": 1763464736
}