{
  "company": "Apple Inc.",
  "doc_type": "financial statements",
  "year": 2023,
  "file_path": "./data/downloads\\apple_inc\\financial_statements\\2023\\apple_inc_financial_statements_2023.pdf",
  "filename": "apple_inc_financial_statements_2023.pdf",
  "url": "https://www.apple.com/newsroom/pdfs/fy2024-q4/FY24_Q4_Consolidated_Financial_Statements.pdf",
  "sha256": "af9646018330484238d357f1168ae74194fd768f4ea9921e4b2828c88309320c",
  "mimetype": "application/pdf",
  "source": "Tavily",
  "indexed_at": 1763464786
}