{
  "company": "Apple Inc.",
  "doc_type": "earnings release",
  "year": 2023,
  "file_path": "./data/downloads\\apple_inc\\earnings_release\\2023\\apple_inc_earnings_release_2023.html",
  "filename": "apple_inc_earnings_release_2023.html",
  "url": "https://stocklight.com/stocks/us/nasdaq-aapl/apple/annual-reports",
  "sha256": "c089390b5514a83574f23120287cfe6c3d6e7744b9ac898e9751a25c2d6ad722",
  "mimetype": "text/html; charset=utf-8",
  "source": "Tavily",
  "indexed_at": 1763464764
}