{
  "company": "Black",
  "doc_type": "annual report",
  "year": 2024,
  "file_path": "./data/downloads\\black\\annual_report\\2024\\black_annual_report_2024.pdf",
  "filename": "black_annual_report_2024.pdf",
  "url": "https://www.blackrock.com/uk/literature/annual-report/blackrock-latin-american-investment-trust-plc-annual-report-and-financial-statements.pdf",
  "sha256": "22bc17f09a2207167fc6a9999d48974a5e58366af9fad986c536d56ac8c7dc17",
  "mimetype": "application/pdf;charset=UTF-8",
  "source": "Tavily",
  "indexed_at": 1763358040
}