{
  "company": "Black",
  "doc_type": "annual report",
  "year": 2024,
  "file_path": "./data/downloads\\black\\annual_report\\2024\\black_annual_report_2024.pdf",
  "filename": "black_annual_report_2024.pdf",
  "url": "https://www.blackrock.com/corporate/literature/publication/annual-stewardship-report-2024.pdf",
  "sha256": "f3c6d3404e489a22d7fd84a81632b0f1b60f78e325938e24bd8208763e8c77c5",
  "mimetype": "application/pdf;charset=UTF-8",
  "source": "Tavily",
  "indexed_at": 1763358038
}