{
  "company": "BLACK BOX LIMITED",
  "doc_type": "annual report",
  "year": 2025,
  "file_path": "./data/downloads\\black_box_limited\\annual_report\\2025\\black_box_limited_annual_report_2025.pdf",
  "filename": "black_box_limited_annual_report_2025.pdf",
  "url": "https://www.essar.com/wp-content/uploads/2025/01/Black-Box-Limited_Ventura.pdf",
  "sha256": "9bcc3c3e3c91644e49feb70c624f19cbf8787bed6669bce0ec279348046f3fdb",
  "mimetype": "application/pdf",
  "source": "Tavily",
  "indexed_at": 1763381258
}