{
  "company": "Black",
  "doc_type": "annual report",
  "year": 2022,
  "file_path": "./data/downloads\\black\\annual_report\\2022\\black_annual_report_2022.pdf",
  "filename": "black_annual_report_2022.pdf",
  "url": "https://www.blackrock.com/ch/individual/en/literature/annual-report/blackrock-funds-i-icav-annual-report-en-ch-30-apr-23.pdf",
  "sha256": "7ad2145be57800c1a3e510356743b3dc500b55e7db40d0c7a53fcac184a0c00f",
  "mimetype": "application/pdf;charset=UTF-8",
  "source": "Tavily",
  "indexed_at": 1763358030
}