{
  "company": "BLACK BOX LIMITED",
  "doc_type": "annual report",
  "year": 2025,
  "file_path": "./data/downloads\\black_box_limited\\annual_report\\2025\\black_box_limited_annual_report_2025.pdf",
  "filename": "black_box_limited_annual_report_2025.pdf",
  "url": "https://cdn.blackbox.com/cms/docs/investors/financials/quarterly-financial-results/financial-results-q2fy26.pdf",
  "sha256": "2b135b657dcbaa737bd0a7df006ed79f1808966d8f085c80d679f732095b2614",
  "mimetype": "application/pdf",
  "source": "Tavily",
  "indexed_at": 1763381259
}