{
  "company": "BLS INTL SERVS LTD",
  "doc_type": "annual report",
  "year": 2021,
  "file_path": "./data/downloads\\bls_intl_servs_ltd\\annual_report\\2021\\bls_intl_servs_ltd_annual_report_2021.html",
  "filename": "bls_intl_servs_ltd_annual_report_2021.html",
  "url": "https://www.scribd.com/document/683544345/BLS-Annual-Report-2021-22",
  "sha256": "e42fb3d33f73516def82cf7754e118ee633bf292d4e56bab474c9cb7cabef4ed",
  "mimetype": "text/html; charset=utf-8",
  "source": "Tavily",
  "indexed_at": 1763450421
}