{
  "company": "BLS INTL SERVS LTD",
  "doc_type": "annual report",
  "year": 2025,
  "file_path": "./data/downloads\\bls_intl_servs_ltd\\annual_report\\2025\\bls_intl_servs_ltd_annual_report_2025.pdf",
  "filename": "bls_intl_servs_ltd_annual_report_2025.pdf",
  "url": "https://www.blsinternational.com/assets/pdf/shareholder-general-meetings/annual-general-meeting/40th/Annual-Report-For-FY2023-24.pdf",
  "sha256": "eaa389499555c4cc7fce99ae712c3566ca1cd4568af68444ba49f7cf5bf72eea",
  "mimetype": "application/pdf",
  "source": "Tavily",
  "indexed_at": 1763450417
}