{
  "company": "BLS INTL SERVS LTD",
  "doc_type": "annual report",
  "year": 2024,
  "file_path": "./data/downloads\\bls_intl_servs_ltd\\annual_report\\2024\\bls_intl_servs_ltd_annual_report_2024.pdf",
  "filename": "bls_intl_servs_ltd_annual_report_2024.pdf",
  "url": "https://www.msei.in/SX-Content/Listing/Annual-Reports/2024/BLS-2024.pdf",
  "sha256": "a76a0975f8459694a2d6fcbccc434419721b6ac3118b0b17bc8f582780b7c377",
  "mimetype": "application/pdf",
  "source": "Tavily",
  "indexed_at": 1763450418
}