{
  "company": "BLS INTL SERVS LTD",
  "doc_type": "annual report",
  "year": 2023,
  "file_path": "./data/downloads\\bls_intl_servs_ltd\\annual_report\\2023\\bls_intl_servs_ltd_annual_report_2023.pdf",
  "filename": "bls_intl_servs_ltd_annual_report_2023.pdf",
  "url": "https://www.mseindia.co.in/SX-Content/Listing/Annual-Reports/2023/BLS-2023.pdf",
  "sha256": "b2edc17c108769473c64b390302e60d0c5c1fc18c5c3e3a6efad6cde4ec23bb6",
  "mimetype": "application/pdf",
  "source": "Tavily",
  "indexed_at": 1763450419
}