{
  "company": "Chimera Investment Corporation",
  "doc_type": "annual report",
  "year": 2023,
  "file_path": "./data/downloads\\chimera_investment_corporation\\annual_report\\2023\\chimera_investment_corporation_annual_report_2023.pdf",
  "filename": "chimera_investment_corporation_annual_report_2023.pdf",
  "url": "https://d1io3yog0oux5.cloudfront.net/_038bb85ab294e3ad648c9d92778513f4/chimerareit/news/2023-11-02_CHIMERA_INVESTMENT_CORPORATION_REPORTS_3RD_225.pdf",
  "sha256": "b6ed46aefb86baae0b7abb2bbf4a5efec93b7923eca28f692920370d26dbd2a3",
  "mimetype": "application/pdf",
  "source": "Tavily",
  "indexed_at": 1763636236
}