{
  "company": "Cummins Inc.",
  "doc_type": "annual report",
  "year": 2023,
  "file_path": "./data/downloads\\cummins_inc\\annual_report\\2023\\cummins_inc_annual_report_2023.pdf",
  "filename": "cummins_inc_annual_report_2023.pdf",
  "url": "https://investor.cummins.com/sec-filings/annual-reports/content/0000026172-23-000045/0000026172-23-000045.pdf",
  "sha256": "5493d394e31f50abea19b88823b737991b0592cd5ce6a1659dcf271bdedb09f8",
  "mimetype": "application/pdf",
  "source": "Tavily",
  "indexed_at": 1763636241
}