{
  "company": "Cummins Inc.",
  "doc_type": "annual report",
  "year": 2024,
  "file_path": "./data/downloads\\cummins_inc\\annual_report\\2024\\cummins_inc_annual_report_2024.pdf",
  "filename": "cummins_inc_annual_report_2024.pdf",
  "url": "https://investor.cummins.com/sec-filings/annual-reports/content/0000026172-25-000039/0000026172-25-000039.pdf",
  "sha256": "f9307c84932fb9a38e65bd95802386b7e879ed4f3ff44ac47b600e604c4bda98",
  "mimetype": "application/pdf",
  "source": "Tavily",
  "indexed_at": 1763638236
}