{
  "company": "Cummins Inc.",
  "doc_type": "annual report",
  "year": 2022,
  "file_path": "./data/downloads\\cummins_inc\\annual_report\\2022\\cummins_inc_annual_report_2022.pdf",
  "filename": "cummins_inc_annual_report_2022.pdf",
  "url": "https://stocklight.com/stocks/us/nyse-cmi/cummins/annual-reports/nyse-cmi-2022-10K-22599598.pdf",
  "sha256": "ed11f68440ac1d7317a953f057dd4f019671296bc171b0f947d3e21f5ff84418",
  "mimetype": "application/pdf",
  "source": "Tavily",
  "indexed_at": 1763638356
}