{
  "company": "CYBERTECH SYSTEMS & SOFTW",
  "doc_type": "annual report",
  "year": 2023,
  "file_path": "./data/downloads\\cybertech_systems_softw\\annual_report\\2023\\cybertech_systems_softw_annual_report_2023.pdf",
  "filename": "cybertech_systems_softw_annual_report_2023.pdf",
  "url": "https://investors.cybertech.com/financialReports/corporateGovernance/annual_Reports/Corporate%20Governance%20for%20period%202023-2024.pdf",
  "sha256": "80f8b4ff9d26db1f4bc65b4c70f06bb48318537acc308e5fd4fda065110837a1",
  "mimetype": "application/pdf",
  "source": "Tavily",
  "indexed_at": 1763451810
}