{
  "company": "CYBERTECH SYSTEMS & SOFTW",
  "doc_type": "annual report",
  "year": 2022,
  "file_path": "./data/downloads\\cybertech_systems_softw\\annual_report\\2022\\cybertech_systems_softw_annual_report_2022.pdf",
  "filename": "cybertech_systems_softw_annual_report_2022.pdf",
  "url": "https://investors.cybertech.com/financialReports/annualReports/CyberTech_Annual_Report_FY_2021-22.pdf",
  "sha256": "6dd809da05ec3bf65a5d209c8cdfed0d815bd6471f502285cc1ea6ba2613a303",
  "mimetype": "application/pdf",
  "source": "Tavily",
  "indexed_at": 1763451813
}