{
  "company": "CYBERTECH SYSTEMS & SOFTW",
  "doc_type": "annual report",
  "year": 2024,
  "file_path": "./data/downloads\\cybertech_systems_softw\\annual_report\\2024\\cybertech_systems_softw_annual_report_2024.pdf",
  "filename": "cybertech_systems_softw_annual_report_2024.pdf",
  "url": "https://investors.cybertech.com/financialReports/annualReports/CyberTech%20Annual%20Report%202023_24.pdf",
  "sha256": "2fc9de015f0dd7621f8bce26a61f62deb899cf2b797e4282dcc6a2f7eb718b83",
  "mimetype": "application/pdf",
  "source": "Tavily",
  "indexed_at": 1763451808
}