{
  "company": "DYNACONS SYS & SOLN LTD",
  "doc_type": "annual report",
  "year": 2023,
  "file_path": "./data/downloads\\dynacons_sys_soln_ltd\\annual_report\\2023\\dynacons_sys_soln_ltd_annual_report_2023.html",
  "filename": "dynacons_sys_soln_ltd_annual_report_2023.html",
  "url": "https://www.stockinsights.ai/in/DSSL/annual-report/fy23-8653",
  "sha256": "3c07499c25bec640be0b40d2acf75be859a0bec91ce36fb3d7a755c472766262",
  "mimetype": "text/html; charset=utf-8",
  "source": "Tavily",
  "indexed_at": 1763707880
}