{
  "company": "DYNACONS SYS & SOLN LTD",
  "doc_type": "annual report",
  "year": 2024,
  "file_path": "./data/downloads\\dynacons_sys_soln_ltd\\annual_report\\2024\\dynacons_sys_soln_ltd_annual_report_2024.html",
  "filename": "dynacons_sys_soln_ltd_annual_report_2024.html",
  "url": "https://www.equitymaster.com/research-it/annual-results-analysis/DYNSY/DYNACONS-SYSTEMS-amp-SOLUTIONS-2023-24-Annual-Report-Analysis/11967/",
  "sha256": "4e189443fa92173d4dde437a1304ca6021d1287efcea0e33750c69a17cb2679f",
  "mimetype": "text/html",
  "source": "Tavily",
  "indexed_at": 1763707881
}