{
  "company": "HINDUJA GLOBAL SOLS. LTD.",
  "doc_type": "annual report",
  "year": 2024,
  "file_path": "./data/downloads\\hinduja_global_sols_ltd\\annual_report\\2024\\hinduja_global_sols_ltd_annual_report_2024.pdf",
  "filename": "hinduja_global_sols_ltd_annual_report_2024.pdf",
  "url": "https://3adeal.com/images/pdf-doc/Hinduja%20Leyland%20Finance%20Ltd%20AR%202025.pdf?1755946152118",
  "sha256": "8214aa43bbc97e8f2f23bb6dfa30debcdb62476c5cb920851234b4689561c298",
  "mimetype": "application/pdf",
  "source": "Tavily",
  "indexed_at": 1763384610
}