{
  "company": "HINDUJA GLOBAL SOLS. LTD.",
  "doc_type": "annual report",
  "year": 2025,
  "file_path": "./data/downloads\\hinduja_global_sols_ltd\\annual_report\\2025\\hinduja_global_sols_ltd_annual_report_2025.pdf",
  "filename": "hinduja_global_sols_ltd_annual_report_2025.pdf",
  "url": "https://stockdiscovery.s3.amazonaws.com/india/company/4742/3332/FR-Jun25.pdf",
  "sha256": "75bcc613613b24fcb11b822c73642649b71336a16459531f2a377205a2359675",
  "mimetype": "application/pdf",
  "source": "Tavily",
  "indexed_at": 1763384605
}