{
  "company": "KELLTON TECH SOL LTD",
  "doc_type": "annual report",
  "year": 2024,
  "file_path": "./data/downloads\\kellton_tech_sol_ltd\\annual_report\\2024\\kellton_tech_sol_ltd_annual_report_2024.pdf",
  "filename": "kellton_tech_sol_ltd_annual_report_2024.pdf",
  "url": "https://cdn.kellton.com/s3fs-public/Kellton%20Tech%20Annual%20Report%202024-25.pdf",
  "sha256": "02471e72b13e0de3158293499fd3c743280e7754a0fbce35e2b18717da7d3ef0",
  "mimetype": "application/pdf",
  "source": "Tavily",
  "indexed_at": 1763638306
}