{
  "company": "KELLTON TECH SOL LTD",
  "doc_type": "annual report",
  "year": 2023,
  "file_path": "./data/downloads\\kellton_tech_sol_ltd\\annual_report\\2023\\kellton_tech_sol_ltd_annual_report_2023.pdf",
  "filename": "kellton_tech_sol_ltd_annual_report_2023.pdf",
  "url": "https://stockinsights-in-filings.s3.ap-south-1.amazonaws.com/annual-reports/KELLTONTEC-Kellton_Tech_Solutions_Ltd-AnnualReport-FY2023.pdf",
  "sha256": "ebc475da8321f28c0d69da1ba37ad8d94fba1823431f083b6ed9c33306747ec9",
  "mimetype": "application/pdf",
  "source": "Tavily",
  "indexed_at": 1763638279
}