{
  "company": "MINDTECK (INDIA) LTD.",
  "doc_type": "annual report",
  "year": 2025,
  "file_path": "./data/downloads\\mindteck_india_ltd\\annual_report\\2025\\mindteck_india_ltd_annual_report_2025.pdf",
  "filename": "mindteck_india_ltd_annual_report_2025.pdf",
  "url": "https://www.dsci.in/files/content/knowledge-centre/2023/Annual-Report-2017-18.pdf",
  "sha256": "333c476748db53590551cafbba5d1d11384e8c9db29fa41b873455eeac9bf5b4",
  "mimetype": "application/pdf",
  "source": "Tavily",
  "indexed_at": 1763385845
}