{
  "company": "MINDTECK (INDIA) LTD.",
  "doc_type": "annual report",
  "year": 2024,
  "file_path": "./data/downloads\\mindteck_india_ltd\\annual_report\\2024\\mindteck_india_ltd_annual_report_2024.pdf",
  "filename": "mindteck_india_ltd_annual_report_2024.pdf",
  "url": "https://stockdiscovery.s3.amazonaws.com/insight/india/1950/Annual%20Report/AR-25.pdf",
  "sha256": "28e1cfc115d723a12b1d266f0d99421d3fd9a70b677cf62b9558cf00f12702d4",
  "mimetype": "application/pdf",
  "source": "Tavily",
  "indexed_at": 1763385845
}