{
  "company": "NINTEC SYSTEMS LIMITED",
  "doc_type": "annual report",
  "year": 2024,
  "file_path": "./data/downloads\\nintec_systems_limited\\annual_report\\2024\\nintec_systems_limited_annual_report_2024.pdf",
  "filename": "nintec_systems_limited_annual_report_2024.pdf",
  "url": "https://www.nintecsystems.com/documents/w._Disclosures_under_Regulation_30(8)_of_SEEBI_(LODR)/2025-26/Regulation-30-Letter-to-Shareholders.pdf",
  "sha256": "12927b3be08167c40aee92d709cbb4dfd968dcc2f934028a54d563135a14a964",
  "mimetype": "application/pdf",
  "source": "Tavily",
  "indexed_at": 1763469093
}