{
  "company": "NINTEC SYSTEMS LIMITED",
  "doc_type": "annual report",
  "year": 2024,
  "file_path": "./data/downloads\\nintec_systems_limited\\annual_report\\2024\\nintec_systems_limited_annual_report_2024.pdf",
  "filename": "nintec_systems_limited_annual_report_2024.pdf",
  "url": "https://www.systemsltd.com/sites/default/files/2025-04/Annual%20Report-%202024%20-%20Systems%20Limited..pdf",
  "sha256": "3eb598a816f75665bbaa83533060e6406935453a478f01983cac72c9f115b650",
  "mimetype": "application/pdf",
  "source": "Tavily",
  "indexed_at": 1763469099
}