{
  "company": "NINTEC SYSTEMS LIMITED",
  "doc_type": "annual report",
  "year": 2024,
  "file_path": "./data/downloads\\nintec_systems_limited\\annual_report\\2024\\nintec_systems_limited_annual_report_2024.pdf",
  "filename": "nintec_systems_limited_annual_report_2024.pdf",
  "url": "https://www.systemsltd.com/sites/default/files/2024-08/Q2%202024%20HY%20Report-%20Systems%20Limited.pdf",
  "sha256": "6e41296afd2563018b8a8ace030f6482e747ba381d1bb17196f27e23d1727136",
  "mimetype": "application/pdf",
  "source": "Tavily",
  "indexed_at": 1763469102
}