{
  "company": "NINTEC SYSTEMS LIMITED",
  "doc_type": "annual report",
  "year": 2024,
  "file_path": "./data/downloads\\nintec_systems_limited\\annual_report\\2024\\nintec_systems_limited_annual_report_2024.html",
  "filename": "nintec_systems_limited_annual_report_2024.html",
  "url": "https://www.scribd.com/document/903625317/NINtec-Systems",
  "sha256": "7376bfcf0026dc95bfb48146558f0a4d1afc5977b15640fe058894fa3ed63aaf",
  "mimetype": "text/html; charset=utf-8",
  "source": "Tavily",
  "indexed_at": 1763469103
}