{
  "company": "NINTEC SYSTEMS LIMITED",
  "doc_type": "annual report",
  "year": 2024,
  "file_path": "./data/downloads\\nintec_systems_limited\\annual_report\\2024\\nintec_systems_limited_annual_report_2024.pdf",
  "filename": "nintec_systems_limited_annual_report_2024.pdf",
  "url": "https://www.nintecsystems.com/documents/L-3-Annual_Report/9._Annual_Report_2023-2024.pdf",
  "sha256": "73dfd315f33f607884c3ffa53db06f0953e1dfe16750dd3d60d4679074b05502",
  "mimetype": "application/pdf",
  "source": "Tavily",
  "indexed_at": 1763471529
}