{
  "company": "NINTEC SYSTEMS LIMITED",
  "doc_type": "annual report",
  "year": 2024,
  "file_path": "./data/downloads\\nintec_systems_limited\\annual_report\\2024\\nintec_systems_limited_annual_report_2024.pdf",
  "filename": "nintec_systems_limited_annual_report_2024.pdf",
  "url": "https://www.nintecsystems.com/documents/Other_Compliance/2.Notices/2.1_Annual_General_Meetings/10.AGM_Notice-2025.pdf",
  "sha256": "352f1c45656f0694249771cf34b0d2e66b1b219dab8d11499d64842f408fba04",
  "mimetype": "application/pdf",
  "source": "Tavily",
  "indexed_at": 1763469091
}