{
  "company": "Orient Electric Limited",
  "doc_type": "annual report",
  "year": 2025,
  "file_path": "./data/downloads\\orient_electric_limited\\annual_report\\2025\\orient_electric_limited_annual_report_2025.pdf",
  "filename": "orient_electric_limited_annual_report_2025.pdf",
  "url": "https://stockdiscovery.s3.amazonaws.com/india/company/32562/4508/AR-25.pdf",
  "sha256": "9e6d267828d3cbcbb317d9353a48c64c7a3ad226e8457141f76833bb0da9a7df",
  "mimetype": "application/pdf",
  "source": "Tavily",
  "indexed_at": 1763383454
}