{
  "company": "Orient Electric Limited",
  "doc_type": "annual report",
  "year": 2025,
  "file_path": "./data/downloads\\orient_electric_limited\\annual_report\\2025\\orient_electric_limited_annual_report_2025.pdf",
  "filename": "orient_electric_limited_annual_report_2025.pdf",
  "url": "https://www.careratings.com/upload/CompanyFiles/PR/202509120958_Orient_Electric_Limited.pdf",
  "sha256": "1825a95ec849272d9b42ae721429cdc4b5ed26ed0f0e3bfc090f75bde8911c95",
  "mimetype": "application/pdf",
  "source": "Tavily",
  "indexed_at": 1763383116
}