{
  "company": "Orient Technologies Limited",
  "doc_type": "annual report",
  "year": 2023,
  "file_path": "./data/downloads\\orient_technologies_limited\\annual_report\\2023\\orient_technologies_limited_annual_report_2023.pdf",
  "filename": "orient_technologies_limited_annual_report_2023.pdf",
  "url": "https://cdn.prod.website-files.com/6436acda0d5bc8518eca551a/6704bd70e97c4ea92376c5f7_Annual%20Report_2023-24_Final.pdf",
  "sha256": "b7d0e2730975e286f71315d9a521600eca4e69db15432019a2be73a0e63d647c",
  "mimetype": "application/pdf",
  "source": "Tavily",
  "indexed_at": 1763471363
}