{
  "company": "Orient Electric Limited",
  "doc_type": "earnings release",
  "year": 2023,
  "file_path": "./data/downloads\\orient_electric_limited\\earnings_release\\2023\\orient_electric_limited_earnings_release_2023.pdf",
  "filename": "orient_electric_limited_earnings_release_2023.pdf",
  "url": "https://www.bseindia.com/xml-data/corpfiling/AttachHis//310427fd-ba8a-486a-87d7-90b801bdcf1c.pdf",
  "sha256": "b8ee076f328515a9f6fbc34ef2cef64b9c585a61a65e3e0228c22a02f1275d37",
  "mimetype": "application/pdf",
  "source": "Tavily",
  "indexed_at": 1763471737
}