{
  "company": "Orient Electric Limited",
  "doc_type": "annual report",
  "year": 2025,
  "file_path": "./data/downloads\\orient_electric_limited\\annual_report\\2025\\orient_electric_limited_annual_report_2025.pdf",
  "filename": "orient_electric_limited_annual_report_2025.pdf",
  "url": "https://www.bseindia.com/xml-data/corpfiling/AttachHis//310427fd-ba8a-486a-87d7-90b801bdcf1c.pdf",
  "sha256": "b8ee076f328515a9f6fbc34ef2cef64b9c585a61a65e3e0228c22a02f1275d37",
  "mimetype": "application/pdf",
  "source": "Tavily",
  "indexed_at": 1763383455
}