{
  "company": "Orient Technologies Limited",
  "doc_type": "annual report",
  "year": 2023,
  "file_path": "./data/downloads\\orient_technologies_limited\\annual_report\\2023\\orient_technologies_limited_annual_report_2023.html",
  "filename": "orient_technologies_limited_annual_report_2023.html",
  "url": "https://orientelectric.com/pages/annual-reports?srsltid=AfmBOopM703Nr5Eap4KwhuSdL_hZtANxhAsPajRLc7Df5K6_GmivsRPC",
  "sha256": "b072de2c4d24f3e94c61bd92aed79db1106ad6f6b22bddcd81971efbcbd7e78c",
  "mimetype": "text/html; charset=utf-8",
  "source": "Tavily",
  "indexed_at": 1763471368
}