{
  "company": "Orient Technologies Limited",
  "doc_type": "annual report",
  "year": 2023,
  "file_path": "./data/downloads\\orient_technologies_limited\\annual_report\\2023\\orient_technologies_limited_annual_report_2023.pdf",
  "filename": "orient_technologies_limited_annual_report_2023.pdf",
  "url": "https://www.bseindia.com/corporates/download/303162/IPO%20BasisOfAllotment/Orient%20Technologies%20Limited%20Prospectus_20240826212107.pdf",
  "sha256": "f5fb25d1bac42a6d6e60790fe0c16d52c20133194157f2b9ba11290b0ee08f3a",
  "mimetype": "application/pdf",
  "source": "Tavily",
  "indexed_at": 1763471365
}