{
  "company": "Orient Technologies Limited",
  "doc_type": "annual report",
  "year": 2023,
  "file_path": "./data/downloads\\orient_technologies_limited\\annual_report\\2023\\orient_technologies_limited_annual_report_2023.html",
  "filename": "orient_technologies_limited_annual_report_2023.html",
  "url": "https://www.scribd.com/document/934548453/Orient-Tech-Ppt",
  "sha256": "6639f01c981b488ca4c5d65c8a933959834b454cbf561d32832a892d65bd94bc",
  "mimetype": "text/html; charset=utf-8",
  "source": "Tavily",
  "indexed_at": 1763471367
}