{
  "company": "Orient Technologies Limited",
  "doc_type": "annual report",
  "year": 2023,
  "file_path": "./data/downloads\\orient_technologies_limited\\annual_report\\2023\\orient_technologies_limited_annual_report_2023.html",
  "filename": "orient_technologies_limited_annual_report_2023.html",
  "url": "https://www.scribd.com/document/900864043/Orient-Tech",
  "sha256": "96007ba3426513248c5918a3c567b6c7d853e222db3eb47df6409072f6864d49",
  "mimetype": "text/html; charset=utf-8",
  "source": "Tavily",
  "indexed_at": 1763471367
}