{
  "company": "Orient Electric Limited",
  "doc_type": "investor presentation",
  "year": 2023,
  "file_path": "./data/downloads\\orient_electric_limited\\investor_presentation\\2023\\orient_electric_limited_investor_presentation_2023.pdf",
  "filename": "orient_electric_limited_investor_presentation_2023.pdf",
  "url": "https://www.orientelectric.com/images/investors/EarningsCallTranscript-Q4-FY2022-23.pdf",
  "sha256": "538bdf93a97fb6a2c2c591e37b1c4da886f064c3e93d8e7955adc764a83b5dc3",
  "mimetype": "application/pdf",
  "source": "Tavily",
  "indexed_at": 1763471743
}