{
  "company": "Orient Electric Limited",
  "doc_type": "annual report",
  "year": 2024,
  "file_path": "./data/downloads\\orient_electric_limited\\annual_report\\2024\\orient_electric_limited_annual_report_2024.pdf",
  "filename": "orient_electric_limited_annual_report_2024.pdf",
  "url": "https://www.pilaniinvestment.com/images/Annual%20Report%20of%20Pilani%20Investment%20and%20Industries%20Corporation%20LImited%202024-2025.pdf",
  "sha256": "c9a74198843a7ff0102daa472394b493b5370dd1da912a6a4bda95cd2f75b8b1",
  "mimetype": "application/pdf",
  "source": "Tavily",
  "indexed_at": 1763551004
}