{
  "company": "Orient Technologies Limited",
  "doc_type": "annual report",
  "year": 2023,
  "file_path": "./data/downloads\\orient_technologies_limited\\annual_report\\2023\\orient_technologies_limited_annual_report_2023.html",
  "filename": "orient_technologies_limited_annual_report_2023.html",
  "url": "https://www.scribd.com/document/900864043/Orient-Tech",
  "sha256": "14bc23e37e96f294eaef1f024e989296762c579178976109da5a5c41119ee465",
  "mimetype": "text/html; charset=utf-8",
  "source": "Tavily",
  "indexed_at": 1763471368
}