{
  "company": "Orient Electric Limited",
  "doc_type": "annual report",
  "year": 2023,
  "file_path": "./data/downloads\\orient_electric_limited\\annual_report\\2023\\orient_electric_limited_annual_report_2023.pdf",
  "filename": "orient_electric_limited_annual_report_2023.pdf",
  "url": "https://orientcement.com/wp-content/uploads/2024/07/ORIENT_CEMENT_LIMITED_AR_2023-24.pdf",
  "sha256": "c48e5377571705eddce915ac7e8ad1ada457cb58fe96dea232ab50e30868c81e",
  "mimetype": "application/pdf",
  "source": "Tavily",
  "indexed_at": 1763551561
}