{
  "company": "Orient Electric Limited",
  "doc_type": "financial statements",
  "year": 2023,
  "file_path": "./data/downloads\\orient_electric_limited\\financial_statements\\2023\\orient_electric_limited_financial_statements_2023.pdf",
  "filename": "orient_electric_limited_financial_statements_2023.pdf",
  "url": "https://www.orientelectric.com/images/investors/Annual-Report-2017-18.pdf",
  "sha256": "12f686c05b073299a3012ddbbe67a4e33c932d5cfad1b3ea5fd3c43560090903",
  "mimetype": "application/pdf",
  "source": "Tavily",
  "indexed_at": 1763471749
}