{
  "company": "Orient Electric Limited",
  "doc_type": "annual report",
  "year": 2024,
  "file_path": "./data/downloads\\orient_electric_limited\\annual_report\\2024\\orient_electric_limited_annual_report_2024.pdf",
  "filename": "orient_electric_limited_annual_report_2024.pdf",
  "url": "https://orientgreenpower.com/files/18th%20Annual%20Report%202024-2025.pdf",
  "sha256": "0484e67a14aa908af570daa33a14fe2416ef9f88d7ae75277fec5230a9e82804",
  "mimetype": "application/pdf",
  "source": "Tavily",
  "indexed_at": 1763445713
}