{
  "company": "Orient Technologies Limited",
  "doc_type": "annual report",
  "year": 2023,
  "file_path": "./data/downloads\\orient_technologies_limited\\annual_report\\2023\\orient_technologies_limited_annual_report_2023.html",
  "filename": "orient_technologies_limited_annual_report_2023.html",
  "url": "https://www.scribd.com/document/900864043/Orient-Tech",
  "sha256": "747480285e30960f1331860b1ef86fad314d35fa459d92fa7655b4407c5db136",
  "mimetype": "text/html; charset=utf-8",
  "source": "Tavily",
  "indexed_at": 1763471366
}