{
  "company": "Orient Electric Limited",
  "doc_type": "annual report",
  "year": 2025,
  "file_path": "./data/downloads\\orient_electric_limited\\annual_report\\2025\\orient_electric_limited_annual_report_2025.pdf",
  "filename": "orient_electric_limited_annual_report_2025.pdf",
  "url": "https://bsmedia.business-standard.com/_media/bs/data/market-reports/equity-brokertips/2025-10/17612065920.05339400.pdf",
  "sha256": "ff0813547477e9024410b8dfcad9f48abe611ffd586d10c8460bcab3fe42866c",
  "mimetype": "application/pdf",
  "source": "Tavily",
  "indexed_at": 1763445712
}