{
  "company": "SILVER TOUCH TECHNO LTD",
  "doc_type": "annual report",
  "year": 2022,
  "file_path": "./data/downloads\\silver_touch_techno_ltd\\annual_report\\2022\\silver_touch_techno_ltd_annual_report_2022.pdf",
  "filename": "silver_touch_techno_ltd_annual_report_2022.pdf",
  "url": "https://www.silvertouch.com/wp-content/uploads/investors-files/ANNUAL%20REPORT_31s%20AGM_STTL_1_FINAL_110.pdf",
  "sha256": "9891a1df513c51655df911caefd770fd7c29efc992bd2bb59b04b80e57e76a5c",
  "mimetype": "application/pdf",
  "source": "Tavily",
  "indexed_at": 1763460541
}