{
  "company": "SILVER TOUCH TECHNO LTD",
  "doc_type": "annual report",
  "year": 2024,
  "file_path": "./data/downloads\\silver_touch_techno_ltd\\annual_report\\2024\\silver_touch_techno_ltd_annual_report_2024.pdf",
  "filename": "silver_touch_techno_ltd_annual_report_2024.pdf",
  "url": "https://www.infomerics.com/admin/uploads/pr-SilverTouch-sep24.pdf",
  "sha256": "a1f4c2ba1235c0f45b1cbfa45f3a4a045b27d20117a227488103412efe583b38",
  "mimetype": "application/pdf",
  "source": "Tavily",
  "indexed_at": 1763460060
}