{
  "company": "SILVER TOUCH TECHNO LTD",
  "doc_type": "annual report",
  "year": 2022,
  "file_path": "./data/downloads\\silver_touch_techno_ltd\\annual_report\\2022\\silver_touch_techno_ltd_annual_report_2022.pdf",
  "filename": "silver_touch_techno_ltd_annual_report_2022.pdf",
  "url": "https://www.silvertouch.com/wp-content/uploads/investors-files/consolidated_2021-22_64.pdf",
  "sha256": "3df747a074b96ff09458ba7719f484c932ae74ff102cf2bb9cfd847a21bdcdf4",
  "mimetype": "application/pdf",
  "source": "Tavily",
  "indexed_at": 1763458594
}