{
  "company": "SILVER TOUCH TECHNO LTD",
  "doc_type": "annual report",
  "year": 2020,
  "file_path": "./data/downloads\\silver_touch_techno_ltd\\annual_report\\2020\\silver_touch_techno_ltd_annual_report_2020.pdf",
  "filename": "silver_touch_techno_ltd_annual_report_2020.pdf",
  "url": "https://www.silvertouch.com/wp-content/uploads/investors-files/STTL-Annual-Report-2019-20_49.pdf",
  "sha256": "40f4a9d2a1aefdfdd2eb71cbe8517aeb427f743180672235a5b389b2a452c5d7",
  "mimetype": "application/pdf",
  "source": "Tavily",
  "indexed_at": 1763454134
}