{
  "company": "SILVER TOUCH TECHNO LTD",
  "doc_type": "annual report",
  "year": 2022,
  "file_path": "./data/downloads\\silver_touch_techno_ltd\\annual_report\\2022\\silver_touch_techno_ltd_annual_report_2022.pdf",
  "filename": "silver_touch_techno_ltd_annual_report_2022.pdf",
  "url": "https://www.silvertouch.com/wp-content/uploads/investors-files/Final-Annual-Report-2021-2022-01_09.pdf",
  "sha256": "d04b6a2495db3bd5757701bd38dc17dc764acecdc60904ab31cb654ccccb1721",
  "mimetype": "application/pdf",
  "source": "Tavily",
  "indexed_at": 1763460548
}