{
  "company": "SILVER TOUCH TECHNO LTD",
  "doc_type": "annual report",
  "year": 2024,
  "file_path": "./data/downloads\\silver_touch_techno_ltd\\annual_report\\2024\\silver_touch_techno_ltd_annual_report_2024.pdf",
  "filename": "silver_touch_techno_ltd_annual_report_2024.pdf",
  "url": "https://www.silvertouch.com/wp-content/uploads/investors-files/Annul%20Report%20STTL%202023-24_compressed_95.pdf",
  "sha256": "b8ec5bca39667235feeb1e0c7a66f0da0b3a4ba9ece15db7059b65207fcacd45",
  "mimetype": "application/pdf",
  "source": "Tavily",
  "indexed_at": 1763460067
}