{
  "company": "SILVER TOUCH TECHNO LTD",
  "doc_type": "annual report",
  "year": 2022,
  "file_path": "./data/downloads\\silver_touch_techno_ltd\\annual_report\\2022\\silver_touch_techno_ltd_annual_report_2022.pdf",
  "filename": "silver_touch_techno_ltd_annual_report_2022.pdf",
  "url": "https://www.silvertouch.com/wp-content/uploads/investors-files/Consolidated%20Report%202022-23_compressed.pdf",
  "sha256": "7149082b5933ec89c04348807410687e8b177971a80b58be584c720d86104f48",
  "mimetype": "application/pdf",
  "source": "Tavily",
  "indexed_at": 1763458602
}