{
  "company": "SILVER TOUCH TECHNO LTD",
  "doc_type": "annual report",
  "year": 2022,
  "file_path": "./data/downloads\\silver_touch_techno_ltd\\annual_report\\2022\\silver_touch_techno_ltd_annual_report_2022.pdf",
  "filename": "silver_touch_techno_ltd_annual_report_2022.pdf",
  "url": "https://www.silvertouch.com/wp-content/uploads/investors-files/Silver-Touch-Annual-Report-2022-23_compressed_81.pdf",
  "sha256": "1c54d8bc7e2089c18b6d1e5d660bfb3b310b127dd4801d32bfa161dbd09bf32d",
  "mimetype": "application/pdf",
  "source": "Tavily",
  "indexed_at": 1763458575
}