{
  "company": "SONATA SOFTWARE LTD",
  "doc_type": "annual report",
  "year": 2023,
  "file_path": "./data/downloads\\sonata_software_ltd\\annual_report\\2023\\sonata_software_ltd_annual_report_2023.pdf",
  "filename": "sonata_software_ltd_annual_report_2023.pdf",
  "url": "https://www.sonata-software.com/sites/default/files/financial-reports/2023-07/sonata-software-limited-annual-report-2022-2023.pdf",
  "sha256": "dd435e9608fbf38d3b53964bdc3f2b0c4ff91f850056dee89bfd3d5a16b858f9",
  "mimetype": "application/pdf",
  "source": "Tavily",
  "indexed_at": 1763447367
}