{
  "company": "SONATA SOFTWARE LTD",
  "doc_type": "annual report",
  "year": 2025,
  "file_path": "./data/downloads\\sonata_software_ltd\\annual_report\\2025\\sonata_software_ltd_annual_report_2025.pdf",
  "filename": "sonata_software_ltd_annual_report_2025.pdf",
  "url": "https://www.sonata-software.com/sites/default/files/financial-reports/2021-07/sonata-subsidiaries-financials-fy2020-21.pdf",
  "sha256": "9389f2c287b9271b005a250a2e2ec983aacfab2d1e266a3a6ae8bf938a861949",
  "mimetype": "application/pdf",
  "source": "Tavily",
  "indexed_at": 1763447357
}