{
  "company": "SONATA SOFTWARE LTD",
  "doc_type": "annual report",
  "year": 2024,
  "file_path": "./data/downloads\\sonata_software_ltd\\annual_report\\2024\\sonata_software_ltd_annual_report_2024.pdf",
  "filename": "sonata_software_ltd_annual_report_2024.pdf",
  "url": "https://www.sonata-software.com/sites/default/files/pdf/2025-07/sonata_esgdatabook_fy2024_25.pdf",
  "sha256": "b61a1d7eb6ccfa8e5b77d77c490df932e3841b3e7867e444b448f9dcb27be397",
  "mimetype": "application/pdf",
  "source": "Tavily",
  "indexed_at": 1763447362
}