{
  "company": "TANLA PLATFORMS LIMITED",
  "doc_type": "annual report",
  "year": 2021,
  "file_path": "./data/downloads\\tanla_platforms_limited\\annual_report\\2021\\tanla_platforms_limited_annual_report_2021.pdf",
  "filename": "tanla_platforms_limited_annual_report_2021.pdf",
  "url": "https://tanlanewwebsite.blob.core.windows.net/assets/files/Tanla-Integrated-Annual-Report-FY24.pdf",
  "sha256": "570ec86e037cec9bf498941ed4ec0fea68da41c644248a0107bb6b483d8f1852",
  "mimetype": "application/pdf",
  "source": "Tavily",
  "indexed_at": 1763552117
}