{
  "company": "TANLA PLATFORMS LIMITED",
  "doc_type": "annual report",
  "year": 2022,
  "file_path": "./data/downloads\\tanla_platforms_limited\\annual_report\\2022\\tanla_platforms_limited_annual_report_2022.pdf",
  "filename": "tanla_platforms_limited_annual_report_2022.pdf",
  "url": "https://archives.nseindia.com/corporate/TANLA_16082023023721_SE_BRSR_final.pdf",
  "sha256": "6763923cb87cac754ceb601a4ac1fda2e5968b4f40a545f878775c1fdc806eac",
  "mimetype": "application/pdf",
  "source": "Tavily",
  "indexed_at": 1763552298
}