{
  "company": "TransAlta Corporation",
  "doc_type": "quarterly report",
  "year": 2025,
  "file_path": "./data/downloads\\transalta_corporation\\quarterly_report\\2025\\transalta_corporation_quarterly_report_2025.pdf",
  "filename": "transalta_corporation_quarterly_report_2025.pdf",
  "url": "http://pdf.secdatabase.com/1287/0001171843-25-004797.pdf",
  "sha256": "1dfdba545a5b189426aa81cf488c141297219f19a8bc61070d1fd414db1b30d7",
  "mimetype": "application/pdf",
  "source": "Tavily",
  "indexed_at": 1763382549
}