{
  "company": "TransAlta Corporation",
  "doc_type": "annual report",
  "year": 2025,
  "file_path": "./data/downloads\\transalta_corporation\\annual_report\\2025\\transalta_corporation_annual_report_2025.pdf",
  "filename": "transalta_corporation_annual_report_2025.pdf",
  "url": "https://transalta.com/wp-content/uploads/2023/03/2022.12.31-TAC-Annual-Report-Final.pdf",
  "sha256": "662169a5b493e911e48ee9476f8c0e13e308ac1d00db0f18ad0dd87dfca86d26",
  "mimetype": "application/pdf",
  "source": "Tavily",
  "indexed_at": 1763382633
}