{
  "company": "TransAlta Corporation",
  "doc_type": "quarterly report",
  "year": 2025,
  "file_path": "./data/downloads\\transalta_corporation\\quarterly_report\\2025\\transalta_corporation_quarterly_report_2025.pdf",
  "filename": "transalta_corporation_quarterly_report_2025.pdf",
  "url": "https://transalta.com/wp-content/uploads/2025/08/2025.06.30-TAC-EX-99.3-Financial-Statements.pdf",
  "sha256": "a98a0641962c431e029e911bd1cda8217c19f2a8fb6adb9f4d387f83962ebd1d",
  "mimetype": "application/pdf",
  "source": "Tavily",
  "indexed_at": 1763382550
}