{
  "company": "TransAlta Corporation",
  "doc_type": "annual report",
  "year": 2025,
  "file_path": "./data/downloads\\transalta_corporation\\annual_report\\2025\\transalta_corporation_annual_report_2025.pdf",
  "filename": "transalta_corporation_annual_report_2025.pdf",
  "url": "https://transalta.com/wp-content/uploads/2025/02/2024.12.31-TAC-EX-99.2-MDA.pdf",
  "sha256": "7d3b9884b650d8e3632efb453c31d1d5f0331fe144180b4009d97fe36fbb737b",
  "mimetype": "application/pdf",
  "source": "Tavily",
  "indexed_at": 1763382633
}